{"reward": -0.899499914466233, "mean_reward": -1.37, "score": -23.350313240419084, "epsilon": 0.899546787534067, "total_steps": 17, "_timestamp": 1713002335.4615107, "_runtime": 56.966017723083496, "_step": 0, "_wandb": {"runtime": 66}}