{"reward": 0.48646324461404333, "mean_reward": -0.46, "score": -5.086090932132294, "epsilon": 0.8969172703501512, "total_steps": 110, "_timestamp": 1713006559.7627118, "_runtime": 166.41593885421753, "_step": 0, "_wandb": {"runtime": 173}}