{"reward": 0.14853685340802514, "mean_reward": -0.27, "score": -9.31357649624318, "epsilon": 0.8256254086449829, "total_steps": 2748, "_timestamp": 1713019142.6691985, "_runtime": 8406.837354421616, "_step": 75, "_wandb": {"runtime": 10655}}