{"reward": -50, "mean_reward": -3.43, "score": -54.8542864132061, "epsilon": 0.7912982316223266, "total_steps": 4106, "_timestamp": 1713029409.3013978, "_runtime": 4423.423989772797, "_step": 25, "_wandb": {"runtime": 4442}}