{"reward": -1.2486572943340946, "mean_reward": -1.56, "score": -26.54368525220106, "epsilon": 0.899546787534067, "total_steps": 17, "_timestamp": 1713007070.5990365, "_runtime": 58.78466534614563, "_step": 0, "_wandb": {"runtime": 137}}