{"reward": -1.4647393871609893, "mean_reward": -1.56, "score": -26.455329811816682, "epsilon": 0.899546787534067, "total_steps": 17, "_timestamp": 1713006819.5466616, "_runtime": 58.05015563964844, "_step": 0, "_wandb": {"runtime": 67}}