{"reward": -50, "mean_reward": -5.29, "score": -47.61380242668356, "epsilon": 0.8181894247032311, "total_steps": 3037, "_timestamp": 1713024117.560896, "_runtime": 1990.874836921692, "_step": 1, "_wandb": {"runtime": 2801}}