{"reward": -0.6278018241414429, "mean_reward": -0.87, "score": -9.582929644264212, "epsilon": 0.8969172703501512, "total_steps": 110, "_timestamp": 1713006093.3132622, "_runtime": 141.02690529823303, "_step": 0, "_wandb": {"runtime": 141}}